,Year,Average life expectancy (age)
0,2015,71.61693989
1,2014,71.53661202
2,2013,71.23606557
3,2012,70.91693989
4,2011,70.65409836
5,2010,70.04863388
6,2009,69.93825137
7,2008,69.42786885
8,2007,69.03606557
9,2006,68.66775956
10,2005,68.20928962
11,2004,67.64644809
12,2003,67.43333333
13,2002,67.35136612
14,2001,67.12896175
15,2000,66.75027322
